INSERT INTO department (id, name)
VALUES 
    (001, 'Administration'),
    (002, 'Finance'),
    (003, 'Human Resources'),
    (004, 'Information Technology'),
    (005, 'Research and Development'),
    (006, 'Operations'),
    (007, 'Accounting'),
    (008, 'Customer Service'),
    (009, 'Skunk Works'),
    (010, 'Marketing');

INSERT INTO role (id, title, salary, department_id)
VALUES
    (000001, 'CEO', 2000000.00, 001),
    (000002, 'CFO', 1250000.00, 002),
    (000003, 'COO', 1150000.00, 006),
    (000004, 'CTO', 1150000.00, 004),
    (000005, 'Director of Human Resources', 110000.00, 003),
    (000006, 'Director of Info. Technology', 110000.00, 004),
    (000007, 'Director of Accounting', 225000.00, 007),
    (000008, 'Director of Customer Service', 210000.00, 008),
    (000009, 'Director of Marketing', 150000.00, 010),
    (000010, 'Intern', 0.00, 006),
    (000011, 'Janitor', 22000.00, 006),
    (000012, 'Production Assistant', 20000.00, 001),
    (000013, 'Secretary', 20000.00, 008),
    (000014, 'Employee', 55000.00, 006);

INSERT INTO employee ( id, first_name, last_name, role_id, manager_id)
VALUES
    (000000000001, 'Peter', 'Ptarmigan', 000001, NULL ),
    (000000000002, 'Matilda', 'Ramos', 000002, NULL ),
    (000000000003, 'Eva', 'Hahn', 000003, NULL ),
    (000000000004, 'Eden', 'Bush', 000005, NULL ),
    (000000000005, 'Lincoln', 'McDonald', 000004, NULL ),
    (000000000006, 'Carolyn', 'Beard', 000007, NULL ),
    (000000000007, 'Lisa', 'Frankl', 000006, NULL ),
    (000000000008, 'Zachary', 'Hughes', 000009, NULL ),
    (000000000009, 'Olive', 'Hunt', 000008, NULL ),
    (000000000010, 'Eric', 'Purdue', 000014, NULL ),
    (000000000011, 'Robin', 'Carpenter', 000014, 000000000002 ),
    (000000000012, 'Ricardo', 'Montillado', 000014, 000000000003 ),
    (000000000014, 'James', 'Joyce', 000012, NULL ),
    (000000000015, 'Peter', 'Bellfrey', 000014, 000000000003 ),
    (000000000016, 'Sally', 'Reynolds', 000014, 000000000010 ),
    (000000000017, 'Burt', 'Bellamy', 000012, NULL ),
    (000000000018, 'Mario', 'McElroy', 000014, 000000000003 ),
    (000000000019, 'Samara', 'Ray', 000012, 000000000003 ),
    (000000000020, 'Rachel', 'Greene', 000014, 000000000002 ),
    (000000000021, 'Brittney', 'Lam', 000013, 000000000003 ),
    (000000000022, 'Karen', 'Pope', 000014, 000000000007 ),
    (000000000023, 'Alexander', 'Vasquez', 000014, 000000000007 ),
    (000000000024, 'Sidney', 'O-neal', 000014, 000000000002 ),
    (000000000025, 'Samantha', 'Robles', 000014, 000000000002 ),
    (000000000026, 'America', 'Herrera', 000013, 000000000019 ),
    (000000000027, 'Laura', 'Christensen', 000013, 000000000019 ),
    (000000000028, 'Aurelian', 'Fruit', 000010, 000000000018 ),
    (000000000029, 'Alex', 'Schneider', 000012, 000000000022 ),
    (000000000030, 'James', 'Duran', 000011, 000000000003 ),
    (000000000031, 'Iggy', 'Morrison', 000014, 000000000022 ),
    (000000000032, 'Heath', 'Boyle', 000010, 000000000018 ),
    (000000000033, 'Duncan', 'Glade', 000011, 000000000003 ),
    (000000000034, 'Felix', 'Balenciaga', 000014, 000000000022 ),
    (000000000035, 'Megan', 'Brady', 000010, 000000000018 ),
    (000000000036, 'Olivia', 'Matthews', 000014, 000000000014 ),
    (000000000037, 'Hedra', 'Blake', 000014, 000000000032 ),
    (000000000038, 'Antoine', 'Billings', 000014, 000000000003 ),
    (000000000039, 'Candy', 'Sherman', 000014, 000000000014 ),
    (000000000040, 'Calvin', 'Locke', 000014, 000000000032 ),
    (000000000041, 'Arthur', 'Daines', 000014, 000000000022 ),
    (000000000042, 'Douglas', 'Adams', 000014, NULL );

SELECT * FROM employee;